"","Images","Baseline..0.for.chicken..1.for.dog.","Advanced"
"1","image_0001",0,1
"2","image_0002",0,0
"3","image_0003",1,1
"4","image_0004",0,1
"5","image_0005",0,0
"6","image_0006",0,1
"7","image_0007",1,1
"8","image_0008",1,1
"9","image_0009",1,1
"10","image_0010",1,1
"11","image_0011",0,0
"12","image_0012",1,1
"13","image_0013",0,1
"14","image_0014",1,1
"15","image_0015",1,1
"16","image_0016",1,1
"17","image_0017",1,1
"18","image_0018",0,0
"19","image_0019",0,0
"20","image_0020",1,0
"21","image_0021",0,0
"22","image_0022",0,1
"23","image_0023",0,1
"24","image_0024",1,1
"25","image_0025",1,1
"26","image_0026",1,1
"27","image_0027",0,0
"28","image_0028",1,1
"29","image_0029",1,1
"30","image_0030",1,1
"31","image_0031",1,1
"32","image_0032",1,1
"33","image_0033",0,1
"34","image_0034",1,1
"35","image_0035",1,1
"36","image_0036",0,0
"37","image_0037",0,0
"38","image_0038",1,1
"39","image_0039",1,1
"40","image_0040",0,0
"41","image_0041",0,0
"42","image_0042",1,0
"43","image_0043",1,1
"44","image_0044",1,1
"45","image_0045",0,0
"46","image_0046",1,1
"47","image_0047",1,1
"48","image_0048",0,0
"49","image_0049",0,0
"50","image_0050",0,0
"51","image_0051",0,0
"52","image_0052",0,0
"53","image_0053",0,1
"54","image_0054",0,0
"55","image_0055",0,0
"56","image_0056",1,1
"57","image_0057",0,1
"58","image_0058",1,1
"59","image_0059",0,0
"60","image_0060",1,1
"61","image_0061",1,1
"62","image_0062",0,1
"63","image_0063",0,0
"64","image_0064",1,0
"65","image_0065",1,0
"66","image_0066",1,1
"67","image_0067",1,1
"68","image_0068",1,1
"69","image_0069",1,0
"70","image_0070",0,0
"71","image_0071",0,0
"72","image_0072",1,0
"73","image_0073",1,1
"74","image_0074",1,0
"75","image_0075",1,1
"76","image_0076",1,1
"77","image_0077",1,0
"78","image_0078",0,0
"79","image_0079",1,0
"80","image_0080",0,1
"81","image_0081",1,1
"82","image_0082",0,0
"83","image_0083",1,1
"84","image_0084",0,0
"85","image_0085",1,1
"86","image_0086",1,1
"87","image_0087",1,1
"88","image_0088",1,1
"89","image_0089",1,1
"90","image_0090",1,1
"91","image_0091",0,0
"92","image_0092",0,0
"93","image_0093",1,1
"94","image_0094",0,0
"95","image_0095",0,0
"96","image_0096",1,1
"97","image_0097",0,0
"98","image_0098",1,1
"99","image_0099",1,0
"100","image_0100",1,1
"101","image_0101",1,1
"102","image_0102",1,1
"103","image_0103",1,1
"104","image_0104",0,1
"105","image_0105",0,0
"106","image_0106",0,1
"107","image_0107",0,1
"108","image_0108",0,0
"109","image_0109",1,1
"110","image_0110",1,1
"111","image_0111",1,1
"112","image_0112",1,1
"113","image_0113",0,0
"114","image_0114",1,1
"115","image_0115",1,0
"116","image_0116",0,1
"117","image_0117",1,0
"118","image_0118",1,1
"119","image_0119",1,1
"120","image_0120",1,1
"121","image_0121",1,0
"122","image_0122",0,1
"123","image_0123",0,0
"124","image_0124",1,1
"125","image_0125",1,1
"126","image_0126",1,1
"127","image_0127",1,1
"128","image_0128",1,1
"129","image_0129",0,1
"130","image_0130",0,0
"131","image_0131",0,0
"132","image_0132",0,1
"133","image_0133",1,1
"134","image_0134",0,1
"135","image_0135",1,0
"136","image_0136",1,1
"137","image_0137",0,0
"138","image_0138",0,1
"139","image_0139",1,1
"140","image_0140",0,1
"141","image_0141",1,0
"142","image_0142",1,0
"143","image_0143",1,1
"144","image_0144",1,1
"145","image_0145",1,1
"146","image_0146",1,1
"147","image_0147",0,0
"148","image_0148",0,0
"149","image_0149",1,0
"150","image_0150",0,0
"151","image_0151",1,0
"152","image_0152",1,0
"153","image_0153",0,1
"154","image_0154",0,0
"155","image_0155",0,1
"156","image_0156",0,0
"157","image_0157",0,1
"158","image_0158",0,1
"159","image_0159",1,1
"160","image_0160",1,1
"161","image_0161",0,1
"162","image_0162",0,1
"163","image_0163",1,0
"164","image_0164",1,1
"165","image_0165",1,1
"166","image_0166",1,1
"167","image_0167",1,1
"168","image_0168",1,0
"169","image_0169",1,1
"170","image_0170",1,1
"171","image_0171",1,0
"172","image_0172",1,1
"173","image_0173",1,0
"174","image_0174",1,1
"175","image_0175",0,0
"176","image_0176",1,1
"177","image_0177",1,1
"178","image_0178",1,1
"179","image_0179",0,0
"180","image_0180",0,1
"181","image_0181",1,1
"182","image_0182",1,1
"183","image_0183",0,0
"184","image_0184",1,1
"185","image_0185",0,1
"186","image_0186",1,1
"187","image_0187",1,1
"188","image_0188",0,0
"189","image_0189",1,1
"190","image_0190",1,1
"191","image_0191",0,0
"192","image_0192",1,1
"193","image_0193",1,1
"194","image_0194",1,1
"195","image_0195",1,1
"196","image_0196",1,1
"197","image_0197",1,1
"198","image_0198",0,0
"199","image_0199",1,1
"200","image_0200",1,1
"201","image_0201",1,1
"202","image_0202",0,1
"203","image_0203",0,0
"204","image_0204",0,0
"205","image_0205",1,1
"206","image_0206",0,0
"207","image_0207",1,0
"208","image_0208",1,1
"209","image_0209",1,1
"210","image_0210",1,0
"211","image_0211",1,1
"212","image_0212",1,1
"213","image_0213",0,0
"214","image_0214",0,1
"215","image_0215",0,0
"216","image_0216",1,1
"217","image_0217",0,0
"218","image_0218",0,1
"219","image_0219",1,1
"220","image_0220",0,0
"221","image_0221",0,0
"222","image_0222",1,1
"223","image_0223",0,0
"224","image_0224",0,0
"225","image_0225",0,0
"226","image_0226",1,0
"227","image_0227",1,1
"228","image_0228",1,0
"229","image_0229",1,1
"230","image_0230",1,1
"231","image_0231",1,0
"232","image_0232",1,1
"233","image_0233",0,0
"234","image_0234",0,1
"235","image_0235",0,0
"236","image_0236",0,1
"237","image_0237",1,0
"238","image_0238",1,1
"239","image_0239",0,1
"240","image_0240",1,1
"241","image_0241",0,0
"242","image_0242",1,0
"243","image_0243",1,0
"244","image_0244",1,1
"245","image_0245",0,1
"246","image_0246",0,0
"247","image_0247",1,0
"248","image_0248",0,1
"249","image_0249",1,1
"250","image_0250",0,1
"251","image_0251",0,0
"252","image_0252",0,0
"253","image_0253",0,1
"254","image_0254",0,0
"255","image_0255",0,0
"256","image_0256",1,0
"257","image_0257",0,0
"258","image_0258",1,1
"259","image_0259",0,1
"260","image_0260",0,0
"261","image_0261",0,1
"262","image_0262",1,1
"263","image_0263",0,0
"264","image_0264",1,1
"265","image_0265",0,1
"266","image_0266",1,1
"267","image_0267",1,1
"268","image_0268",0,0
"269","image_0269",1,1
"270","image_0270",0,1
"271","image_0271",1,1
"272","image_0272",1,0
"273","image_0273",1,1
"274","image_0274",0,0
"275","image_0275",0,0
"276","image_0276",1,1
"277","image_0277",1,1
"278","image_0278",1,1
"279","image_0279",1,1
"280","image_0280",1,1
"281","image_0281",1,1
"282","image_0282",1,1
"283","image_0283",0,0
"284","image_0284",0,0
"285","image_0285",1,1
"286","image_0286",1,1
"287","image_0287",0,0
"288","image_0288",1,0
"289","image_0289",0,0
"290","image_0290",0,1
"291","image_0291",1,1
"292","image_0292",0,0
"293","image_0293",0,0
"294","image_0294",1,1
"295","image_0295",1,1
"296","image_0296",1,1
"297","image_0297",0,0
"298","image_0298",0,0
"299","image_0299",0,0
"300","image_0300",1,0
"301","image_0301",0,0
"302","image_0302",1,1
"303","image_0303",1,1
"304","image_0304",0,1
"305","image_0305",0,0
"306","image_0306",0,0
"307","image_0307",1,1
"308","image_0308",1,1
"309","image_0309",1,1
"310","image_0310",0,0
"311","image_0311",1,1
"312","image_0312",1,0
"313","image_0313",1,1
"314","image_0314",1,1
"315","image_0315",1,1
"316","image_0316",1,1
"317","image_0317",0,0
"318","image_0318",1,1
"319","image_0319",0,0
"320","image_0320",1,1
"321","image_0321",1,1
"322","image_0322",1,0
"323","image_0323",1,1
"324","image_0324",1,1
"325","image_0325",0,0
"326","image_0326",1,1
"327","image_0327",0,0
"328","image_0328",1,1
"329","image_0329",0,0
"330","image_0330",1,1
"331","image_0331",0,1
"332","image_0332",0,1
"333","image_0333",1,1
"334","image_0334",1,1
"335","image_0335",1,1
"336","image_0336",1,1
"337","image_0337",0,1
"338","image_0338",1,1
"339","image_0339",1,1
"340","image_0340",0,1
"341","image_0341",1,1
"342","image_0342",1,0
"343","image_0343",0,0
"344","image_0344",1,0
"345","image_0345",1,1
"346","image_0346",1,1
"347","image_0347",1,0
"348","image_0348",1,0
"349","image_0349",1,1
"350","image_0350",1,1
"351","image_0351",0,1
"352","image_0352",0,1
"353","image_0353",1,1
"354","image_0354",0,1
"355","image_0355",1,1
"356","image_0356",1,1
"357","image_0357",0,0
"358","image_0358",1,0
"359","image_0359",0,1
"360","image_0360",1,1
"361","image_0361",0,1
"362","image_0362",0,0
"363","image_0363",0,1
"364","image_0364",0,0
"365","image_0365",1,1
"366","image_0366",1,1
"367","image_0367",1,1
"368","image_0368",1,1
"369","image_0369",1,0
"370","image_0370",1,1
"371","image_0371",0,0
"372","image_0372",1,0
"373","image_0373",1,1
"374","image_0374",1,1
"375","image_0375",1,0
"376","image_0376",1,1
"377","image_0377",1,0
"378","image_0378",0,1
"379","image_0379",0,0
"380","image_0380",0,1
"381","image_0381",1,1
"382","image_0382",1,1
"383","image_0383",0,1
"384","image_0384",1,1
"385","image_0385",1,1
"386","image_0386",0,0
"387","image_0387",1,1
"388","image_0388",0,0
"389","image_0389",1,1
"390","image_0390",1,1
"391","image_0391",0,1
"392","image_0392",1,1
"393","image_0393",0,1
"394","image_0394",0,0
"395","image_0395",1,1
"396","image_0396",1,0
"397","image_0397",0,1
"398","image_0398",0,0
"399","image_0399",1,1
"400","image_0400",0,0
"401","image_0401",1,0
"402","image_0402",1,1
"403","image_0403",0,0
"404","image_0404",0,0
"405","image_0405",1,1
"406","image_0406",1,0
"407","image_0407",1,1
"408","image_0408",0,0
"409","image_0409",1,1
"410","image_0410",1,1
"411","image_0411",1,1
"412","image_0412",1,1
"413","image_0413",0,0
"414","image_0414",1,0
"415","image_0415",1,1
"416","image_0416",1,1
"417","image_0417",1,1
"418","image_0418",0,1
"419","image_0419",0,0
"420","image_0420",1,0
"421","image_0421",1,1
"422","image_0422",0,0
"423","image_0423",1,0
"424","image_0424",1,1
"425","image_0425",1,1
"426","image_0426",1,0
"427","image_0427",0,0
"428","image_0428",0,0
"429","image_0429",1,1
"430","image_0430",1,1
"431","image_0431",0,0
"432","image_0432",1,1
"433","image_0433",1,0
"434","image_0434",0,1
"435","image_0435",1,1
"436","image_0436",1,0
"437","image_0437",0,0
"438","image_0438",0,1
"439","image_0439",0,0
"440","image_0440",1,1
"441","image_0441",1,1
"442","image_0442",1,1
"443","image_0443",0,1
"444","image_0444",0,0
"445","image_0445",0,0
"446","image_0446",0,0
"447","image_0447",0,0
"448","image_0448",0,0
"449","image_0449",0,1
"450","image_0450",0,0
"451","image_0451",0,0
"452","image_0452",1,1
"453","image_0453",1,1
"454","image_0454",1,1
"455","image_0455",1,1
"456","image_0456",1,0
"457","image_0457",1,0
"458","image_0458",1,1
"459","image_0459",1,1
"460","image_0460",0,1
"461","image_0461",1,0
"462","image_0462",1,1
"463","image_0463",0,1
"464","image_0464",0,0
"465","image_0465",1,1
"466","image_0466",0,1
"467","image_0467",0,1
"468","image_0468",0,1
"469","image_0469",0,0
"470","image_0470",1,1
"471","image_0471",0,1
"472","image_0472",1,0
"473","image_0473",0,1
"474","image_0474",1,0
"475","image_0475",0,0
"476","image_0476",1,0
"477","image_0477",1,0
"478","image_0478",0,0
"479","image_0479",0,0
"480","image_0480",0,0
"481","image_0481",1,0
"482","image_0482",1,1
"483","image_0483",0,0
"484","image_0484",1,0
"485","image_0485",0,0
"486","image_0486",1,1
"487","image_0487",0,0
"488","image_0488",0,1
"489","image_0489",0,1
"490","image_0490",0,0
"491","image_0491",0,0
"492","image_0492",1,0
"493","image_0493",1,0
"494","image_0494",1,1
"495","image_0495",1,1
"496","image_0496",1,1
"497","image_0497",1,1
"498","image_0498",1,1
"499","image_0499",1,1
"500","image_0500",1,0
"501","image_0501",0,1
"502","image_0502",0,0
"503","image_0503",0,1
"504","image_0504",0,1
"505","image_0505",0,0
"506","image_0506",1,1
"507","image_0507",1,1
"508","image_0508",1,1
"509","image_0509",1,0
"510","image_0510",0,0
"511","image_0511",1,1
"512","image_0512",0,1
"513","image_0513",1,1
"514","image_0514",1,1
"515","image_0515",1,1
"516","image_0516",1,1
"517","image_0517",0,1
"518","image_0518",0,0
"519","image_0519",0,0
"520","image_0520",0,0
"521","image_0521",1,1
"522","image_0522",0,0
"523","image_0523",0,0
"524","image_0524",0,0
"525","image_0525",1,1
"526","image_0526",0,1
"527","image_0527",0,0
"528","image_0528",1,0
"529","image_0529",1,1
"530","image_0530",1,1
"531","image_0531",1,1
"532","image_0532",1,0
"533","image_0533",0,0
"534","image_0534",1,0
"535","image_0535",0,0
"536","image_0536",0,0
"537","image_0537",1,0
"538","image_0538",0,1
"539","image_0539",0,0
"540","image_0540",1,1
"541","image_0541",0,1
"542","image_0542",0,1
"543","image_0543",1,1
"544","image_0544",0,0
"545","image_0545",0,0
"546","image_0546",1,1
"547","image_0547",1,0
"548","image_0548",1,0
"549","image_0549",1,1
"550","image_0550",0,0
"551","image_0551",0,0
"552","image_0552",0,1
"553","image_0553",1,0
"554","image_0554",1,1
"555","image_0555",1,1
"556","image_0556",1,1
"557","image_0557",0,0
"558","image_0558",1,1
"559","image_0559",0,0
"560","image_0560",1,1
"561","image_0561",1,0
"562","image_0562",1,1
"563","image_0563",0,0
"564","image_0564",1,1
"565","image_0565",1,0
"566","image_0566",1,1
"567","image_0567",1,1
"568","image_0568",1,1
"569","image_0569",1,1
"570","image_0570",1,1
"571","image_0571",1,1
"572","image_0572",1,1
"573","image_0573",0,0
"574","image_0574",1,0
"575","image_0575",1,1
"576","image_0576",1,1
"577","image_0577",1,1
"578","image_0578",1,1
"579","image_0579",1,1
"580","image_0580",1,0
"581","image_0581",0,0
"582","image_0582",1,1
"583","image_0583",1,1
"584","image_0584",1,0
"585","image_0585",1,1
"586","image_0586",0,1
"587","image_0587",0,1
"588","image_0588",1,1
"589","image_0589",1,0
"590","image_0590",1,1
"591","image_0591",1,1
"592","image_0592",1,1
"593","image_0593",1,1
"594","image_0594",1,0
"595","image_0595",0,0
"596","image_0596",1,0
"597","image_0597",0,0
"598","image_0598",1,1
"599","image_0599",0,0
"600","image_0600",0,0
"601","image_0601",1,1
"602","image_0602",1,1
"603","image_0603",0,1
"604","image_0604",1,1
"605","image_0605",1,1
"606","image_0606",1,1
"607","image_0607",1,1
"608","image_0608",1,1
"609","image_0609",1,1
"610","image_0610",1,1
"611","image_0611",0,1
"612","image_0612",1,1
"613","image_0613",0,0
"614","image_0614",1,1
"615","image_0615",1,1
"616","image_0616",1,1
"617","image_0617",0,1
"618","image_0618",1,1
"619","image_0619",0,0
"620","image_0620",1,0
"621","image_0621",1,1
"622","image_0622",0,1
"623","image_0623",1,1
"624","image_0624",1,1
"625","image_0625",0,0
"626","image_0626",0,0
"627","image_0627",1,1
"628","image_0628",1,1
"629","image_0629",1,1
"630","image_0630",0,0
"631","image_0631",0,1
"632","image_0632",0,0
"633","image_0633",1,1
"634","image_0634",1,1
"635","image_0635",0,0
"636","image_0636",1,1
"637","image_0637",1,1
"638","image_0638",1,0
"639","image_0639",0,0
"640","image_0640",1,1
"641","image_0641",0,1
"642","image_0642",1,1
"643","image_0643",1,1
"644","image_0644",0,0
"645","image_0645",0,0
"646","image_0646",0,1
"647","image_0647",0,0
"648","image_0648",0,0
"649","image_0649",0,0
"650","image_0650",0,0
"651","image_0651",0,0
"652","image_0652",0,1
"653","image_0653",0,1
"654","image_0654",1,1
"655","image_0655",1,1
"656","image_0656",0,1
"657","image_0657",1,0
"658","image_0658",0,0
"659","image_0659",0,0
"660","image_0660",0,0
"661","image_0661",1,1
"662","image_0662",0,1
"663","image_0663",0,0
"664","image_0664",1,1
"665","image_0665",1,1
"666","image_0666",1,1
"667","image_0667",1,0
"668","image_0668",1,1
"669","image_0669",0,0
"670","image_0670",1,1
"671","image_0671",1,0
"672","image_0672",1,0
"673","image_0673",0,0
"674","image_0674",0,0
"675","image_0675",0,1
"676","image_0676",1,0
"677","image_0677",0,0
"678","image_0678",1,1
"679","image_0679",1,0
"680","image_0680",0,1
"681","image_0681",0,1
"682","image_0682",1,0
"683","image_0683",0,1
"684","image_0684",1,1
"685","image_0685",1,1
"686","image_0686",0,0
"687","image_0687",0,0
"688","image_0688",1,1
"689","image_0689",1,0
"690","image_0690",1,1
"691","image_0691",0,0
"692","image_0692",1,1
"693","image_0693",1,1
"694","image_0694",1,0
"695","image_0695",0,0
"696","image_0696",1,1
"697","image_0697",1,1
"698","image_0698",1,0
"699","image_0699",1,1
"700","image_0700",0,0
"701","image_0701",1,1
"702","image_0702",0,0
"703","image_0703",1,1
"704","image_0704",1,0
"705","image_0705",0,0
"706","image_0706",1,1
"707","image_0707",1,1
"708","image_0708",1,1
"709","image_0709",1,0
"710","image_0710",0,1
"711","image_0711",1,1
"712","image_0712",0,1
"713","image_0713",1,1
"714","image_0714",0,0
"715","image_0715",1,1
"716","image_0716",1,1
"717","image_0717",1,1
"718","image_0718",1,1
"719","image_0719",1,1
"720","image_0720",0,0
"721","image_0721",0,0
"722","image_0722",1,0
"723","image_0723",0,0
"724","image_0724",1,1
"725","image_0725",1,1
"726","image_0726",1,1
"727","image_0727",1,1
"728","image_0728",0,1
"729","image_0729",1,1
"730","image_0730",1,0
"731","image_0731",1,0
"732","image_0732",0,1
"733","image_0733",1,0
"734","image_0734",1,1
"735","image_0735",0,0
"736","image_0736",1,1
"737","image_0737",0,1
"738","image_0738",1,1
"739","image_0739",0,1
"740","image_0740",1,0
"741","image_0741",0,1
"742","image_0742",0,0
"743","image_0743",1,1
"744","image_0744",0,1
"745","image_0745",0,0
"746","image_0746",1,1
"747","image_0747",1,1
"748","image_0748",0,0
"749","image_0749",0,1
"750","image_0750",1,0
"751","image_0751",0,1
"752","image_0752",1,1
"753","image_0753",1,0
"754","image_0754",0,0
"755","image_0755",1,0
"756","image_0756",1,1
"757","image_0757",1,1
"758","image_0758",0,0
"759","image_0759",0,0
"760","image_0760",0,0
"761","image_0761",0,0
"762","image_0762",1,1
"763","image_0763",0,0
"764","image_0764",1,1
"765","image_0765",1,1
"766","image_0766",0,1
"767","image_0767",1,0
"768","image_0768",1,1
"769","image_0769",0,1
"770","image_0770",0,1
"771","image_0771",1,1
"772","image_0772",0,1
"773","image_0773",1,0
"774","image_0774",1,1
"775","image_0775",0,0
"776","image_0776",0,0
"777","image_0777",0,0
"778","image_0778",1,1
"779","image_0779",0,0
"780","image_0780",0,1
"781","image_0781",1,1
"782","image_0782",1,0
"783","image_0783",1,1
"784","image_0784",0,0
"785","image_0785",1,1
"786","image_0786",1,1
"787","image_0787",1,1
"788","image_0788",0,0
"789","image_0789",0,0
"790","image_0790",0,0
"791","image_0791",0,0
"792","image_0792",0,0
"793","image_0793",1,0
"794","image_0794",1,1
"795","image_0795",1,1
"796","image_0796",1,1
"797","image_0797",1,0
"798","image_0798",0,0
"799","image_0799",0,0
"800","image_0800",1,1
"801","image_0801",0,1
"802","image_0802",1,1
"803","image_0803",0,0
"804","image_0804",1,1
"805","image_0805",1,1
"806","image_0806",1,0
"807","image_0807",1,1
"808","image_0808",1,0
"809","image_0809",0,0
"810","image_0810",0,0
"811","image_0811",0,1
"812","image_0812",1,0
"813","image_0813",0,0
"814","image_0814",1,1
"815","image_0815",1,1
"816","image_0816",0,0
"817","image_0817",1,1
"818","image_0818",0,1
"819","image_0819",1,1
"820","image_0820",0,1
"821","image_0821",1,1
"822","image_0822",0,0
"823","image_0823",1,1
"824","image_0824",0,0
"825","image_0825",0,1
"826","image_0826",0,0
"827","image_0827",0,0
"828","image_0828",1,0
"829","image_0829",1,1
"830","image_0830",0,1
"831","image_0831",1,1
"832","image_0832",1,1
"833","image_0833",1,1
"834","image_0834",1,0
"835","image_0835",1,1
"836","image_0836",0,0
"837","image_0837",0,1
"838","image_0838",1,1
"839","image_0839",1,1
"840","image_0840",1,1
"841","image_0841",1,0
"842","image_0842",0,0
"843","image_0843",1,1
"844","image_0844",0,1
"845","image_0845",1,1
"846","image_0846",0,1
"847","image_0847",1,0
"848","image_0848",1,1
"849","image_0849",0,0
"850","image_0850",1,1
"851","image_0851",0,0
"852","image_0852",0,0
"853","image_0853",1,1
"854","image_0854",0,0
"855","image_0855",1,1
"856","image_0856",0,0
"857","image_0857",0,0
"858","image_0858",1,1
"859","image_0859",1,0
"860","image_0860",1,0
"861","image_0861",0,0
"862","image_0862",1,0
"863","image_0863",1,1
"864","image_0864",0,1
"865","image_0865",0,0
"866","image_0866",0,0
"867","image_0867",1,0
"868","image_0868",1,1
"869","image_0869",1,1
"870","image_0870",1,1
"871","image_0871",1,1
"872","image_0872",1,0
"873","image_0873",1,0
"874","image_0874",1,1
"875","image_0875",0,0
"876","image_0876",1,1
"877","image_0877",1,1
"878","image_0878",0,0
"879","image_0879",1,1
"880","image_0880",1,0
"881","image_0881",1,1
"882","image_0882",1,1
"883","image_0883",1,0
"884","image_0884",1,1
"885","image_0885",0,0
"886","image_0886",1,1
"887","image_0887",1,1
"888","image_0888",1,1
"889","image_0889",0,0
"890","image_0890",0,0
"891","image_0891",1,1
"892","image_0892",1,1
"893","image_0893",0,0
"894","image_0894",0,0
"895","image_0895",1,0
"896","image_0896",0,0
"897","image_0897",1,0
"898","image_0898",1,1
"899","image_0899",1,1
"900","image_0900",1,0
"901","image_0901",0,1
"902","image_0902",1,1
"903","image_0903",0,0
"904","image_0904",1,1
"905","image_0905",1,1
"906","image_0906",0,0
"907","image_0907",0,1
"908","image_0908",1,1
"909","image_0909",0,0
"910","image_0910",1,1
"911","image_0911",0,0
"912","image_0912",1,1
"913","image_0913",0,0
"914","image_0914",0,1
"915","image_0915",1,1
"916","image_0916",1,0
"917","image_0917",0,1
"918","image_0918",0,0
"919","image_0919",0,1
"920","image_0920",1,1
"921","image_0921",1,0
"922","image_0922",0,0
"923","image_0923",1,1
"924","image_0924",1,1
"925","image_0925",0,0
"926","image_0926",0,0
"927","image_0927",0,0
"928","image_0928",1,0
"929","image_0929",1,0
"930","image_0930",0,0
"931","image_0931",0,1
"932","image_0932",1,1
"933","image_0933",1,0
"934","image_0934",0,1
"935","image_0935",0,0
"936","image_0936",0,0
"937","image_0937",0,0
"938","image_0938",1,0
"939","image_0939",1,1
"940","image_0940",1,1
"941","image_0941",1,1
"942","image_0942",1,1
"943","image_0943",1,0
"944","image_0944",1,1
"945","image_0945",0,0
"946","image_0946",0,1
"947","image_0947",1,0
"948","image_0948",0,0
"949","image_0949",0,0
"950","image_0950",1,1
"951","image_0951",0,0
"952","image_0952",1,1
"953","image_0953",1,1
"954","image_0954",0,1
"955","image_0955",0,0
"956","image_0956",1,1
"957","image_0957",0,0
"958","image_0958",0,0
"959","image_0959",1,1
"960","image_0960",0,0
"961","image_0961",1,0
"962","image_0962",0,0
"963","image_0963",0,0
"964","image_0964",0,0
"965","image_0965",1,0
"966","image_0966",0,0
"967","image_0967",1,0
"968","image_0968",1,1
"969","image_0969",0,0
"970","image_0970",1,1
"971","image_0971",1,0
"972","image_0972",1,1
"973","image_0973",1,1
"974","image_0974",1,1
"975","image_0975",1,1
"976","image_0976",0,0
"977","image_0977",1,1
"978","image_0978",0,0
"979","image_0979",1,0
"980","image_0980",0,0
"981","image_0981",1,1
"982","image_0982",0,0
"983","image_0983",0,0
"984","image_0984",1,0
"985","image_0985",0,0
"986","image_0986",1,0
"987","image_0987",1,0
"988","image_0988",0,0
"989","image_0989",1,1
"990","image_0990",1,0
"991","image_0991",1,1
"992","image_0992",1,1
"993","image_0993",1,1
"994","image_0994",0,0
"995","image_0995",1,1
"996","image_0996",1,1
"997","image_0997",0,0
"998","image_0998",1,1
"999","image_0999",1,0
"1000","image_1000",0,0
"1001","image_1001",1,1
"1002","image_1002",1,1
"1003","image_1003",1,0
"1004","image_1004",1,1
"1005","image_1005",1,1
"1006","image_1006",0,0
"1007","image_1007",0,0
"1008","image_1008",1,0
"1009","image_1009",1,1
"1010","image_1010",1,1
"1011","image_1011",1,0
"1012","image_1012",1,1
"1013","image_1013",1,1
"1014","image_1014",1,0
"1015","image_1015",1,1
"1016","image_1016",0,0
"1017","image_1017",0,1
"1018","image_1018",1,0
"1019","image_1019",0,1
"1020","image_1020",1,1
"1021","image_1021",0,0
"1022","image_1022",0,0
"1023","image_1023",0,0
"1024","image_1024",1,1
"1025","image_1025",0,0
"1026","image_1026",0,0
"1027","image_1027",0,1
"1028","image_1028",1,0
"1029","image_1029",1,1
"1030","image_1030",1,0
"1031","image_1031",1,1
"1032","image_1032",0,1
"1033","image_1033",0,0
"1034","image_1034",1,1
"1035","image_1035",0,0
"1036","image_1036",0,1
"1037","image_1037",0,0
"1038","image_1038",1,1
"1039","image_1039",1,0
"1040","image_1040",1,0
"1041","image_1041",1,1
"1042","image_1042",0,0
"1043","image_1043",1,0
"1044","image_1044",1,0
"1045","image_1045",1,1
"1046","image_1046",1,1
"1047","image_1047",0,1
"1048","image_1048",0,0
"1049","image_1049",1,1
"1050","image_1050",0,1
"1051","image_1051",0,0
"1052","image_1052",1,0
"1053","image_1053",0,0
"1054","image_1054",1,1
"1055","image_1055",0,0
"1056","image_1056",0,1
"1057","image_1057",0,0
"1058","image_1058",0,1
"1059","image_1059",1,0
"1060","image_1060",1,0
"1061","image_1061",1,1
"1062","image_1062",1,1
"1063","image_1063",1,1
"1064","image_1064",1,1
"1065","image_1065",0,0
"1066","image_1066",0,0
"1067","image_1067",1,1
"1068","image_1068",1,0
"1069","image_1069",1,1
"1070","image_1070",0,1
"1071","image_1071",1,1
"1072","image_1072",1,1
"1073","image_1073",1,0
"1074","image_1074",0,0
"1075","image_1075",1,1
"1076","image_1076",1,1
"1077","image_1077",1,1
"1078","image_1078",0,0
"1079","image_1079",0,0
"1080","image_1080",0,1
"1081","image_1081",1,1
"1082","image_1082",0,1
"1083","image_1083",0,0
"1084","image_1084",1,1
"1085","image_1085",1,1
"1086","image_1086",1,1
"1087","image_1087",0,1
"1088","image_1088",0,0
"1089","image_1089",0,1
"1090","image_1090",0,0
"1091","image_1091",0,1
"1092","image_1092",1,1
"1093","image_1093",0,1
"1094","image_1094",1,1
"1095","image_1095",0,0
"1096","image_1096",1,0
"1097","image_1097",1,1
"1098","image_1098",1,1
"1099","image_1099",0,1
"1100","image_1100",0,1
"1101","image_1101",1,0
"1102","image_1102",0,0
"1103","image_1103",0,1
"1104","image_1104",0,0
"1105","image_1105",0,0
"1106","image_1106",1,0
"1107","image_1107",0,1
"1108","image_1108",0,1
"1109","image_1109",0,1
"1110","image_1110",1,0
"1111","image_1111",0,0
"1112","image_1112",0,0
"1113","image_1113",1,1
"1114","image_1114",1,0
"1115","image_1115",1,1
"1116","image_1116",1,1
"1117","image_1117",0,1
"1118","image_1118",1,1
"1119","image_1119",0,0
"1120","image_1120",1,1
"1121","image_1121",1,1
"1122","image_1122",1,0
"1123","image_1123",1,0
"1124","image_1124",1,1
"1125","image_1125",1,1
"1126","image_1126",1,0
"1127","image_1127",0,1
"1128","image_1128",1,1
"1129","image_1129",1,1
"1130","image_1130",0,0
"1131","image_1131",0,0
"1132","image_1132",0,1
"1133","image_1133",1,1
"1134","image_1134",1,1
"1135","image_1135",1,1
"1136","image_1136",1,1
"1137","image_1137",0,0
"1138","image_1138",1,1
"1139","image_1139",0,0
"1140","image_1140",1,1
"1141","image_1141",0,1
"1142","image_1142",1,0
"1143","image_1143",0,1
"1144","image_1144",0,0
"1145","image_1145",0,0
"1146","image_1146",0,1
"1147","image_1147",1,1
"1148","image_1148",1,0
"1149","image_1149",0,1
"1150","image_1150",0,1
"1151","image_1151",1,1
"1152","image_1152",1,0
"1153","image_1153",1,0
"1154","image_1154",0,1
"1155","image_1155",1,1
"1156","image_1156",1,1
"1157","image_1157",1,0
"1158","image_1158",0,1
"1159","image_1159",0,1
"1160","image_1160",0,0
"1161","image_1161",1,1
"1162","image_1162",0,0
"1163","image_1163",0,0
"1164","image_1164",0,0
"1165","image_1165",1,1
"1166","image_1166",1,0
"1167","image_1167",0,1
"1168","image_1168",0,0
"1169","image_1169",0,1
"1170","image_1170",1,1
"1171","image_1171",0,0
"1172","image_1172",0,1
"1173","image_1173",0,0
"1174","image_1174",0,1
"1175","image_1175",1,1
"1176","image_1176",1,1
"1177","image_1177",1,0
"1178","image_1178",1,1
"1179","image_1179",1,1
"1180","image_1180",0,1
"1181","image_1181",1,1
"1182","image_1182",1,1
"1183","image_1183",0,0
"1184","image_1184",1,0
"1185","image_1185",0,0
"1186","image_1186",1,1
"1187","image_1187",1,0
"1188","image_1188",1,0
"1189","image_1189",0,1
"1190","image_1190",0,0
"1191","image_1191",1,1
"1192","image_1192",1,1
"1193","image_1193",1,1
"1194","image_1194",1,0
"1195","image_1195",1,1
"1196","image_1196",1,0
"1197","image_1197",1,1
"1198","image_1198",1,0
"1199","image_1199",0,1
"1200","image_1200",0,0
"1201","image_1201",1,1
"1202","image_1202",1,1
"1203","image_1203",0,1
"1204","image_1204",1,0
"1205","image_1205",1,1
"1206","image_1206",1,1
"1207","image_1207",0,0
"1208","image_1208",1,1
"1209","image_1209",0,0
"1210","image_1210",1,1
"1211","image_1211",0,0
"1212","image_1212",1,0
"1213","image_1213",1,0
"1214","image_1214",0,0
"1215","image_1215",1,0
"1216","image_1216",1,0
"1217","image_1217",1,1
"1218","image_1218",1,0
"1219","image_1219",0,0
"1220","image_1220",0,0
"1221","image_1221",0,1
"1222","image_1222",1,1
"1223","image_1223",0,0
"1224","image_1224",1,0
"1225","image_1225",0,0
"1226","image_1226",0,1
"1227","image_1227",0,0
"1228","image_1228",1,0
"1229","image_1229",1,1
"1230","image_1230",1,1
"1231","image_1231",1,1
"1232","image_1232",0,1
"1233","image_1233",0,0
"1234","image_1234",1,1
"1235","image_1235",0,0
"1236","image_1236",1,1
"1237","image_1237",0,0
"1238","image_1238",0,1
"1239","image_1239",0,1
"1240","image_1240",0,1
"1241","image_1241",0,0
"1242","image_1242",1,1
"1243","image_1243",0,0
"1244","image_1244",1,1
"1245","image_1245",1,0
"1246","image_1246",0,0
"1247","image_1247",0,1
"1248","image_1248",0,0
"1249","image_1249",1,1
"1250","image_1250",0,1
"1251","image_1251",0,0
"1252","image_1252",1,0
"1253","image_1253",1,1
"1254","image_1254",0,0
"1255","image_1255",1,1
"1256","image_1256",0,0
"1257","image_1257",1,0
"1258","image_1258",1,0
"1259","image_1259",1,1
"1260","image_1260",1,1
"1261","image_1261",1,1
"1262","image_1262",0,0
"1263","image_1263",1,1
"1264","image_1264",1,1
"1265","image_1265",0,0
"1266","image_1266",1,1
"1267","image_1267",1,1
"1268","image_1268",1,1
"1269","image_1269",0,0
"1270","image_1270",1,1
"1271","image_1271",0,0
"1272","image_1272",1,1
"1273","image_1273",1,1
"1274","image_1274",1,1
"1275","image_1275",1,1
"1276","image_1276",1,0
"1277","image_1277",1,1
"1278","image_1278",1,1
"1279","image_1279",0,1
"1280","image_1280",1,0
"1281","image_1281",0,1
"1282","image_1282",0,1
"1283","image_1283",0,0
"1284","image_1284",1,0
"1285","image_1285",1,1
"1286","image_1286",0,0
"1287","image_1287",0,0
"1288","image_1288",1,1
"1289","image_1289",0,0
"1290","image_1290",0,0
"1291","image_1291",1,1
"1292","image_1292",0,0
"1293","image_1293",0,1
"1294","image_1294",1,1
"1295","image_1295",1,1
"1296","image_1296",1,0
"1297","image_1297",0,0
"1298","image_1298",1,1
"1299","image_1299",1,1
"1300","image_1300",1,1
"1301","image_1301",1,1
"1302","image_1302",0,0
"1303","image_1303",0,0
"1304","image_1304",0,0
"1305","image_1305",1,1
"1306","image_1306",0,0
"1307","image_1307",1,0
"1308","image_1308",0,0
"1309","image_1309",0,0
"1310","image_1310",1,1
"1311","image_1311",1,1
"1312","image_1312",1,1
"1313","image_1313",1,1
"1314","image_1314",1,1
"1315","image_1315",1,1
"1316","image_1316",1,1
"1317","image_1317",1,1
"1318","image_1318",1,0
"1319","image_1319",0,0
"1320","image_1320",0,0
"1321","image_1321",0,0
"1322","image_1322",0,1
"1323","image_1323",0,0
"1324","image_1324",0,0
"1325","image_1325",1,0
"1326","image_1326",1,0
"1327","image_1327",0,0
"1328","image_1328",0,1
"1329","image_1329",0,0
"1330","image_1330",1,1
"1331","image_1331",0,0
"1332","image_1332",0,1
"1333","image_1333",0,0
"1334","image_1334",0,0
"1335","image_1335",0,1
"1336","image_1336",1,1
"1337","image_1337",1,1
"1338","image_1338",1,1
"1339","image_1339",1,1
"1340","image_1340",1,1
"1341","image_1341",1,0
"1342","image_1342",0,1
"1343","image_1343",1,1
"1344","image_1344",0,0
"1345","image_1345",1,1
"1346","image_1346",0,0
"1347","image_1347",1,1
"1348","image_1348",1,1
"1349","image_1349",1,1
"1350","image_1350",1,0
"1351","image_1351",1,1
"1352","image_1352",0,1
"1353","image_1353",0,0
"1354","image_1354",0,0
"1355","image_1355",0,0
"1356","image_1356",1,0
"1357","image_1357",1,0
"1358","image_1358",1,1
"1359","image_1359",1,1
"1360","image_1360",1,1
"1361","image_1361",1,1
"1362","image_1362",1,1
"1363","image_1363",1,1
"1364","image_1364",1,1
"1365","image_1365",1,1
"1366","image_1366",1,1
"1367","image_1367",1,0
"1368","image_1368",1,1
"1369","image_1369",1,1
"1370","image_1370",1,1
"1371","image_1371",1,1
"1372","image_1372",1,1
"1373","image_1373",1,1
"1374","image_1374",1,0
"1375","image_1375",0,1
"1376","image_1376",1,1
"1377","image_1377",1,0
"1378","image_1378",0,0
"1379","image_1379",1,1
"1380","image_1380",1,1
"1381","image_1381",1,1
"1382","image_1382",1,1
"1383","image_1383",1,1
"1384","image_1384",1,0
"1385","image_1385",1,1
"1386","image_1386",1,1
"1387","image_1387",1,1
"1388","image_1388",0,0
"1389","image_1389",1,1
"1390","image_1390",0,0
"1391","image_1391",1,0
"1392","image_1392",1,1
"1393","image_1393",1,1
"1394","image_1394",0,0
"1395","image_1395",1,1
"1396","image_1396",1,0
"1397","image_1397",1,1
"1398","image_1398",0,0
"1399","image_1399",1,1
"1400","image_1400",1,1
"1401","image_1401",1,0
"1402","image_1402",1,0
"1403","image_1403",1,0
"1404","image_1404",1,0
"1405","image_1405",1,0
"1406","image_1406",1,0
"1407","image_1407",1,1
"1408","image_1408",0,0
"1409","image_1409",1,0
"1410","image_1410",1,0
"1411","image_1411",1,0
"1412","image_1412",0,0
"1413","image_1413",0,0
"1414","image_1414",0,1
"1415","image_1415",1,0
"1416","image_1416",1,1
"1417","image_1417",0,0
"1418","image_1418",1,1
"1419","image_1419",0,0
"1420","image_1420",1,1
"1421","image_1421",0,0
"1422","image_1422",1,1
"1423","image_1423",1,1
"1424","image_1424",1,1
"1425","image_1425",1,1
"1426","image_1426",1,0
"1427","image_1427",1,0
"1428","image_1428",1,1
"1429","image_1429",0,1
"1430","image_1430",0,1
"1431","image_1431",0,0
"1432","image_1432",1,1
"1433","image_1433",0,0
"1434","image_1434",1,1
"1435","image_1435",1,0
"1436","image_1436",0,0
"1437","image_1437",1,1
"1438","image_1438",1,1
"1439","image_1439",1,0
"1440","image_1440",1,1
"1441","image_1441",1,1
"1442","image_1442",0,0
"1443","image_1443",0,1
"1444","image_1444",1,1
"1445","image_1445",1,1
"1446","image_1446",0,0
"1447","image_1447",1,0
"1448","image_1448",0,0
"1449","image_1449",0,0
"1450","image_1450",0,0
"1451","image_1451",0,1
"1452","image_1452",1,0
"1453","image_1453",1,0
"1454","image_1454",1,1
"1455","image_1455",1,1
"1456","image_1456",1,1
"1457","image_1457",1,1
"1458","image_1458",0,0
"1459","image_1459",0,0
"1460","image_1460",0,0
"1461","image_1461",0,0
"1462","image_1462",0,0
"1463","image_1463",0,0
"1464","image_1464",1,1
"1465","image_1465",1,1
"1466","image_1466",0,0
"1467","image_1467",1,1
"1468","image_1468",1,1
"1469","image_1469",0,1
"1470","image_1470",1,1
"1471","image_1471",1,0
"1472","image_1472",1,1
"1473","image_1473",0,0
"1474","image_1474",0,1
"1475","image_1475",0,0
"1476","image_1476",0,0
"1477","image_1477",1,1
"1478","image_1478",1,0
"1479","image_1479",0,0
"1480","image_1480",0,0
"1481","image_1481",0,1
"1482","image_1482",1,1
"1483","image_1483",1,1
"1484","image_1484",0,1
"1485","image_1485",1,1
"1486","image_1486",0,1
"1487","image_1487",0,0
"1488","image_1488",1,1
"1489","image_1489",1,1
"1490","image_1490",0,0
"1491","image_1491",0,0
"1492","image_1492",1,1
"1493","image_1493",1,1
"1494","image_1494",1,0
"1495","image_1495",0,0
"1496","image_1496",1,0
"1497","image_1497",0,0
"1498","image_1498",1,1
"1499","image_1499",0,1
"1500","image_1500",1,1
"1501","image_1501",0,0
"1502","image_1502",1,1
"1503","image_1503",1,1
"1504","image_1504",0,0
"1505","image_1505",0,0
"1506","image_1506",1,1
"1507","image_1507",1,1
"1508","image_1508",0,0
"1509","image_1509",1,0
"1510","image_1510",0,0
"1511","image_1511",1,1
"1512","image_1512",0,0
"1513","image_1513",1,1
"1514","image_1514",1,1
"1515","image_1515",1,1
"1516","image_1516",0,1
"1517","image_1517",1,1
"1518","image_1518",0,0
"1519","image_1519",1,1
"1520","image_1520",1,0
"1521","image_1521",0,1
"1522","image_1522",1,1
"1523","image_1523",0,0
"1524","image_1524",0,0
"1525","image_1525",1,1
"1526","image_1526",1,1
"1527","image_1527",0,0
"1528","image_1528",0,0
"1529","image_1529",1,1
"1530","image_1530",1,1
"1531","image_1531",0,1
"1532","image_1532",0,0
"1533","image_1533",1,0
"1534","image_1534",1,1
"1535","image_1535",1,1
"1536","image_1536",1,0
"1537","image_1537",1,1
"1538","image_1538",1,0
"1539","image_1539",1,1
"1540","image_1540",1,0
"1541","image_1541",1,1
"1542","image_1542",1,1
"1543","image_1543",1,0
"1544","image_1544",0,0
"1545","image_1545",0,0
"1546","image_1546",1,0
"1547","image_1547",1,1
"1548","image_1548",0,1
"1549","image_1549",1,1
"1550","image_1550",1,1
"1551","image_1551",0,1
"1552","image_1552",1,0
"1553","image_1553",1,1
"1554","image_1554",1,0
"1555","image_1555",0,0
"1556","image_1556",0,0
"1557","image_1557",0,0
"1558","image_1558",0,0
"1559","image_1559",1,1
"1560","image_1560",0,0
"1561","image_1561",0,1
"1562","image_1562",1,1
"1563","image_1563",0,1
"1564","image_1564",1,1
"1565","image_1565",1,1
"1566","image_1566",0,1
"1567","image_1567",0,1
"1568","image_1568",0,0
"1569","image_1569",1,1
"1570","image_1570",1,0
"1571","image_1571",0,1
"1572","image_1572",1,0
"1573","image_1573",0,1
"1574","image_1574",1,1
"1575","image_1575",1,1
"1576","image_1576",1,1
"1577","image_1577",0,0
"1578","image_1578",0,0
"1579","image_1579",1,1
"1580","image_1580",0,0
"1581","image_1581",0,1
"1582","image_1582",0,1
"1583","image_1583",1,1
"1584","image_1584",1,1
"1585","image_1585",0,1
"1586","image_1586",1,0
"1587","image_1587",0,0
"1588","image_1588",0,1
"1589","image_1589",1,1
"1590","image_1590",0,1
"1591","image_1591",1,1
"1592","image_1592",0,0
"1593","image_1593",1,0
"1594","image_1594",1,1
"1595","image_1595",0,0
"1596","image_1596",1,1
"1597","image_1597",0,1
"1598","image_1598",1,1
"1599","image_1599",1,0
"1600","image_1600",1,0
"1601","image_1601",0,0
"1602","image_1602",1,1
"1603","image_1603",0,1
"1604","image_1604",1,1
"1605","image_1605",1,1
"1606","image_1606",1,1
"1607","image_1607",1,1
"1608","image_1608",1,0
"1609","image_1609",1,1
"1610","image_1610",1,1
"1611","image_1611",0,1
"1612","image_1612",0,1
"1613","image_1613",0,0
"1614","image_1614",1,1
"1615","image_1615",1,1
"1616","image_1616",1,1
"1617","image_1617",1,1
"1618","image_1618",0,1
"1619","image_1619",1,0
"1620","image_1620",1,0
"1621","image_1621",0,0
"1622","image_1622",1,0
"1623","image_1623",1,0
"1624","image_1624",1,1
"1625","image_1625",0,0
"1626","image_1626",0,0
"1627","image_1627",1,0
"1628","image_1628",1,1
"1629","image_1629",1,0
"1630","image_1630",1,1
"1631","image_1631",1,1
"1632","image_1632",1,1
"1633","image_1633",1,1
"1634","image_1634",0,1
"1635","image_1635",1,1
"1636","image_1636",1,1
"1637","image_1637",0,0
"1638","image_1638",1,1
"1639","image_1639",0,0
"1640","image_1640",0,0
"1641","image_1641",0,1
"1642","image_1642",0,0
"1643","image_1643",0,0
"1644","image_1644",0,1
"1645","image_1645",1,1
"1646","image_1646",1,0
"1647","image_1647",1,1
"1648","image_1648",0,0
"1649","image_1649",1,0
"1650","image_1650",1,0
"1651","image_1651",1,1
"1652","image_1652",0,0
"1653","image_1653",1,1
"1654","image_1654",0,1
"1655","image_1655",1,1
"1656","image_1656",1,1
"1657","image_1657",0,1
"1658","image_1658",0,1
"1659","image_1659",1,1
"1660","image_1660",0,0
"1661","image_1661",1,1
"1662","image_1662",0,0
"1663","image_1663",0,0
"1664","image_1664",0,0
"1665","image_1665",1,1
"1666","image_1666",1,0
"1667","image_1667",1,1
"1668","image_1668",1,1
"1669","image_1669",0,0
"1670","image_1670",1,1
"1671","image_1671",0,0
"1672","image_1672",1,1
"1673","image_1673",1,1
"1674","image_1674",0,1
"1675","image_1675",1,0
"1676","image_1676",0,0
"1677","image_1677",1,1
"1678","image_1678",0,0
"1679","image_1679",1,1
"1680","image_1680",1,1
"1681","image_1681",1,1
"1682","image_1682",1,1
"1683","image_1683",1,1
"1684","image_1684",0,1
"1685","image_1685",1,1
"1686","image_1686",1,1
"1687","image_1687",1,1
"1688","image_1688",1,0
"1689","image_1689",0,1
"1690","image_1690",0,1
"1691","image_1691",1,1
"1692","image_1692",0,0
"1693","image_1693",0,0
"1694","image_1694",1,1
"1695","image_1695",1,0
"1696","image_1696",1,1
"1697","image_1697",1,1
"1698","image_1698",0,0
"1699","image_1699",0,0
"1700","image_1700",1,0
"1701","image_1701",0,1
"1702","image_1702",0,0
"1703","image_1703",1,1
"1704","image_1704",1,0
"1705","image_1705",1,1
"1706","image_1706",1,1
"1707","image_1707",1,1
"1708","image_1708",0,0
"1709","image_1709",0,0
"1710","image_1710",1,1
"1711","image_1711",1,1
"1712","image_1712",1,0
"1713","image_1713",0,0
"1714","image_1714",1,0
"1715","image_1715",1,1
"1716","image_1716",1,0
"1717","image_1717",1,1
"1718","image_1718",1,1
"1719","image_1719",0,0
"1720","image_1720",0,0
"1721","image_1721",1,0
"1722","image_1722",0,1
"1723","image_1723",1,1
"1724","image_1724",1,1
"1725","image_1725",1,0
"1726","image_1726",1,1
"1727","image_1727",1,1
"1728","image_1728",1,0
"1729","image_1729",1,1
"1730","image_1730",1,0
"1731","image_1731",1,1
"1732","image_1732",1,0
"1733","image_1733",1,1
"1734","image_1734",1,0
"1735","image_1735",0,1
"1736","image_1736",1,1
"1737","image_1737",1,1
"1738","image_1738",1,0
"1739","image_1739",1,0
"1740","image_1740",1,1
"1741","image_1741",1,0
"1742","image_1742",0,0
"1743","image_1743",1,1
"1744","image_1744",1,0
"1745","image_1745",0,0
"1746","image_1746",0,0
"1747","image_1747",1,1
"1748","image_1748",1,0
"1749","image_1749",1,1
"1750","image_1750",1,0
"1751","image_1751",1,0
"1752","image_1752",1,1
"1753","image_1753",1,1
"1754","image_1754",0,0
"1755","image_1755",1,0
"1756","image_1756",1,0
"1757","image_1757",1,1
"1758","image_1758",1,0
"1759","image_1759",0,1
"1760","image_1760",0,0
"1761","image_1761",1,1
"1762","image_1762",1,0
"1763","image_1763",0,0
"1764","image_1764",0,0
"1765","image_1765",0,1
"1766","image_1766",1,1
"1767","image_1767",0,0
"1768","image_1768",1,1
"1769","image_1769",1,1
"1770","image_1770",0,0
"1771","image_1771",1,1
"1772","image_1772",1,1
"1773","image_1773",0,0
"1774","image_1774",1,0
"1775","image_1775",0,0
"1776","image_1776",1,0
"1777","image_1777",1,1
"1778","image_1778",0,0
"1779","image_1779",0,0
"1780","image_1780",0,0
"1781","image_1781",1,1
"1782","image_1782",0,0
"1783","image_1783",1,1
"1784","image_1784",0,0
"1785","image_1785",1,1
"1786","image_1786",0,0
"1787","image_1787",0,0
"1788","image_1788",1,0
"1789","image_1789",0,0
"1790","image_1790",1,0
"1791","image_1791",0,0
"1792","image_1792",0,0
"1793","image_1793",1,0
"1794","image_1794",1,1
"1795","image_1795",0,0
"1796","image_1796",1,0
"1797","image_1797",1,1
"1798","image_1798",0,1
"1799","image_1799",1,1
"1800","image_1800",0,0
"1801","image_1801",0,0
"1802","image_1802",0,0
"1803","image_1803",1,1
"1804","image_1804",1,1
"1805","image_1805",0,0
"1806","image_1806",1,1
"1807","image_1807",1,0
"1808","image_1808",1,0
"1809","image_1809",1,1
"1810","image_1810",0,1
"1811","image_1811",0,0
"1812","image_1812",0,0
"1813","image_1813",1,1
"1814","image_1814",0,1
"1815","image_1815",1,1
"1816","image_1816",0,0
"1817","image_1817",1,0
"1818","image_1818",0,0
"1819","image_1819",1,0
"1820","image_1820",1,1
"1821","image_1821",0,0
"1822","image_1822",0,0
"1823","image_1823",1,1
"1824","image_1824",1,0
"1825","image_1825",0,0
"1826","image_1826",1,1
"1827","image_1827",0,0
"1828","image_1828",1,1
"1829","image_1829",1,1
"1830","image_1830",0,0
"1831","image_1831",0,1
"1832","image_1832",0,1
"1833","image_1833",1,1
"1834","image_1834",1,1
"1835","image_1835",0,0
"1836","image_1836",1,0
"1837","image_1837",1,0
"1838","image_1838",1,1
"1839","image_1839",0,0
"1840","image_1840",0,1
"1841","image_1841",1,1
"1842","image_1842",0,1
"1843","image_1843",0,0
"1844","image_1844",1,0
"1845","image_1845",1,0
"1846","image_1846",1,1
"1847","image_1847",0,0
"1848","image_1848",0,0
"1849","image_1849",1,1
"1850","image_1850",1,1
"1851","image_1851",0,1
"1852","image_1852",1,0
"1853","image_1853",0,0
"1854","image_1854",1,1
"1855","image_1855",0,0
"1856","image_1856",0,0
"1857","image_1857",0,1
"1858","image_1858",0,1
"1859","image_1859",0,1
"1860","image_1860",0,1
"1861","image_1861",0,1
"1862","image_1862",1,1
"1863","image_1863",1,1
"1864","image_1864",0,0
"1865","image_1865",0,0
"1866","image_1866",1,1
"1867","image_1867",0,0
"1868","image_1868",1,1
"1869","image_1869",1,1
"1870","image_1870",1,1
"1871","image_1871",1,1
"1872","image_1872",1,0
"1873","image_1873",1,1
"1874","image_1874",1,1
"1875","image_1875",0,0
"1876","image_1876",1,0
"1877","image_1877",0,0
"1878","image_1878",1,1
"1879","image_1879",0,0
"1880","image_1880",1,1
"1881","image_1881",0,1
"1882","image_1882",0,0
"1883","image_1883",1,1
"1884","image_1884",0,0
"1885","image_1885",0,1
"1886","image_1886",0,0
"1887","image_1887",1,1
"1888","image_1888",0,1
"1889","image_1889",1,1
"1890","image_1890",0,0
"1891","image_1891",1,0
"1892","image_1892",0,0
"1893","image_1893",1,1
"1894","image_1894",0,1
"1895","image_1895",1,1
"1896","image_1896",1,1
"1897","image_1897",1,1
"1898","image_1898",1,0
"1899","image_1899",0,0
"1900","image_1900",1,1
"1901","image_1901",1,1
"1902","image_1902",1,1
"1903","image_1903",1,1
"1904","image_1904",1,1
"1905","image_1905",1,1
"1906","image_1906",1,1
"1907","image_1907",1,1
"1908","image_1908",0,0
"1909","image_1909",1,1
"1910","image_1910",1,1
"1911","image_1911",1,1
"1912","image_1912",1,1
"1913","image_1913",1,1
"1914","image_1914",1,0
"1915","image_1915",1,1
"1916","image_1916",0,0
"1917","image_1917",1,1
"1918","image_1918",1,1
"1919","image_1919",1,1
"1920","image_1920",1,1
"1921","image_1921",1,1
"1922","image_1922",1,0
"1923","image_1923",1,1
"1924","image_1924",1,0
"1925","image_1925",1,1
"1926","image_1926",0,0
"1927","image_1927",1,1
"1928","image_1928",1,1
"1929","image_1929",0,0
"1930","image_1930",1,1
"1931","image_1931",1,1
"1932","image_1932",1,1
"1933","image_1933",1,1
"1934","image_1934",0,1
"1935","image_1935",1,1
"1936","image_1936",0,1
"1937","image_1937",1,1
"1938","image_1938",1,1
"1939","image_1939",0,0
"1940","image_1940",1,0
"1941","image_1941",1,0
"1942","image_1942",0,0
"1943","image_1943",0,1
"1944","image_1944",1,1
"1945","image_1945",0,0
"1946","image_1946",1,0
"1947","image_1947",0,1
"1948","image_1948",1,0
"1949","image_1949",0,0
"1950","image_1950",0,1
"1951","image_1951",1,0
"1952","image_1952",1,1
"1953","image_1953",1,1
"1954","image_1954",1,1
"1955","image_1955",1,0
"1956","image_1956",1,0
"1957","image_1957",0,0
"1958","image_1958",1,1
"1959","image_1959",0,1
"1960","image_1960",0,0
"1961","image_1961",0,0
"1962","image_1962",1,1
"1963","image_1963",0,0
"1964","image_1964",1,1
"1965","image_1965",0,0
"1966","image_1966",1,1
"1967","image_1967",0,0
"1968","image_1968",0,1
"1969","image_1969",1,1
"1970","image_1970",0,0
"1971","image_1971",0,0
"1972","image_1972",1,0
"1973","image_1973",0,1
"1974","image_1974",0,1
"1975","image_1975",1,1
"1976","image_1976",1,0
"1977","image_1977",0,1
"1978","image_1978",0,0
"1979","image_1979",0,0
"1980","image_1980",1,1
"1981","image_1981",1,1
"1982","image_1982",1,1
"1983","image_1983",0,0
"1984","image_1984",1,0
"1985","image_1985",0,0
"1986","image_1986",0,1
"1987","image_1987",1,1
"1988","image_1988",1,1
"1989","image_1989",1,1
"1990","image_1990",0,1
"1991","image_1991",0,0
"1992","image_1992",1,1
"1993","image_1993",0,0
"1994","image_1994",0,1
"1995","image_1995",0,1
"1996","image_1996",1,1
"1997","image_1997",0,0
"1998","image_1998",1,1
"1999","image_1999",1,0
"2000","image_2000",1,1
